Domaine;Produit;Entreprise;Année(s) de stage(s);;;;;;;;;;;;;;;;;;;;;;;;;;;;;;;;;;;;;Adresse du laboratoire;Contact pour candidature;adresse mail;Téléphone;Site internet;Longitude Latitude;Plus Code;Directeur;;;;;;Rang A et i;Entreprise et Rang A et i;Rang  i;Entreprise et  Rang  i;DeuxMillevingtDeux Nb D apprentis;DeuxMillevingtDeux  Nb D initiaux;DeuxMillevingtEtUn Nb D apprentis;DeuxMillevingtEtUn  Nb D initiaux;DeuxMillevingt Nb D apprentis;DeuxMillevingt  Nb D initiaux;DeuxMilleDixNeuf  Nb D apprentis;DeuxMilleDixNeuf  Nb D initiaux;DeuxMilleDixHuit  Nb D apprentis;DeuxMilleDixHuit  Nb D initiaux;DeuxMilleDixSept  Nb D apprentis;DeuxMilleDixSept  Nb D initiaux;DeuxMilleSeize  Nb D apprentis;DeuxMilleSeize  Nb D initiaux;DeuxMilleQuinze  Nb D apprentis;DeuxMilleQuinze  Nb D initiaux;DeuxMilleQuatorze  Nb D apprentis;DeuxMilleQuatorze  Nb D intiaux;Points A  et  i;Points  i;;;A;B;C;D;E;;;F;G;H;I;J;;
Lycée;Etudiants en  BTS Analyses de Biologie Médicale;Lycée Technologique Saint Louis;                  ;;;;;;;;;;;;;;;;;;;;;;;;;;;;;;;;;;;;;Rue Jean Hameau, 33300 Bordeaux;;;33556693595;;44.866638272981916, -0.5675021711050321;;;;;;;;1;N° 1 Lycée Technologique Saint Louis;1;N° 1 Lycée Technologique Saint Louis;;;;;;;;;;;;;;;;;;;0;0;0;0;0;0;0;0;0;0;0;0;0;0;0;0;;
Anapath;privé;Laboratoire d'anatomocytopathologie CAP;"          ; 2018_i=1  ; 2017_i=1  ; 2016_i=2  ; 2015_i=1  ";30 bis rue Ulysse Gayon, BORDEAUX;05 57 81 23 10;;M. Dupin;;;;;;;;;;;;;x;;;xx;;x;;x;;;;;;;;;;;;;114 Avenue Léon Blum 33110 Le Bouscat;M. Dupin;;05 57 81 23 10;https://www.laboratoirecap.com/;44.870457439863166, -0.6070873962348804;;;;;;;;;;;;;0;;0;;0;;0;;1;;1;;2;;1;;0;;;;;;;;;;;;;;;;;;
Anapath;privé;Laboratoire d’anatomocytopathologie REAU-FOCH;"  ; 2022_i=1  ; 2021_i=3  ; 2020_i=2  ; 2019_i=4  ; 2018_i=3  ; 2017_i=3  ; 2016_i=2    ; 2014_i=1";22 bis rue du Sacré Coeur  33 000 BORDEAUX  ;05 56 79 45 56;;Mme Réau / M. Pietri;;;x;;;;;;;x;;x;;;x;x;x;xx;xx;x;xx;xx;xx;xxx;x;;;;;;;;22 bis rue du Sacré Coeur  33 000 BORDEAUX  ;Mme Réau / M. Pietri;ma.pena@reaupathologie.fr;05 56 79 45 56;https://www.reaupathologie.fr/;44.84914313893951, -0.6048088864501454;;;;;;;;;;;;;1;;3;;2;;4;;3;;3;;2;;0;;1;;;;;;;;;;;;;;;;;;
Anapath;privé;Laboratoire d’anatomocytopathologie AQUIPATH;"  ; 2022_i=1  ; 2021_i=1  ; 2020_i=1    ; 2018_i=1  ; 2017_i=1      ";23 bd Prés Franklin Roosevelt, 33 400 TALENCE;05 56 84 16 00;scp.dms@wanadoo.fr;Mme Canihac et coll.;;;;;;;;;;;;;;;;;;x;;x;;;x;x;x;;;;;;;;23 bd Prés Franklin Roosevelt, 33 400 TALENCE;Mme Canihac et coll.;scp.dms@wanadoo.fr;05 56 84 16 00;https://aquipath.fr/;44.82079573165378, -0.5816639832524507;;;;;;;;;;;;;1;;1;;1;;0;;1;;1;;0;;0;;0;;;;;;;;;;;;;;;;;;
Anapath;privé;Laboratoire d’anatomocytopathologie MEDIPATH;"    ; 2021_i=1  ; 2020_i=1  ; 2019_i=1  ; 2018_i=1        ";Biopath Aquitaine, 4 allée des musardises 33 185 LE HAILLAN;06 74 59 17 08 / 05 56 13 28 50;;Mme Kunzelmann;;;;;;;;;;;;;;;;;;;;x;x;;x;x;;;;;;;;;Biopath Aquitaine, 4 allée des musardises 33 185 LE HAILLAN;Mme Kunzelmann;vkunzelmann@hotmail.fr;06 74 59 17 08 / 05 56 13 28 50;https://medipath.fr/;44.859992875070745, -0.6669524797343358;;;;;;;;;;;;;0;;1;;1;;1;;1;;0;;0;;0;;0;;;;;;;;;;;;;;;;;;
Polyvalent;privé;BIOLAB 33 Le Haillan;"  ; 2022_i=2  ; 2021_i=2  ; 2020_i=2  ; 2019_i=4  ; 2018_i=4  ; 2017_i=2  ; 2016_i=2    ";12 avenue Pasteur 33 185 LE HAILLAN ;05 56 13 08 40;sebastien.degrange@biolab33.com;M. Degrange;;;;;;x;;;;;;;;;;xx;xx;;xx;xx;xx;xx;xx;xx;xx;;;;;;;;12 avenue Pasteur 33 185 LE HAILLAN ;M. Degrange;sebastien.degrange@biolab33.com;05 56 13 08 40;https://www.biolab33.com/;44.86807828743537, -0.6660516927784096;;;;;;;;;;;;;2;;2;;2;;4;;4;;2;;2;;0;;0;;;;;;;;;;;;;;;;;;
Polyvalent;privé;SYNLAB (ex Biopole 33);"    ; 2021_i=1  ; 2020_i=1  ; 2019_i=1  ; 2018_i=1  ; 2017_i=3    ; 2015_i=4  ; 2014_i=1";20 r Armand Lamarque 33 800 BORDEAUX  ;05 56 85 46 00;;M. Pages;x;x;;x;;x;xx;;xx;xx;;x;xx;xx;;;x;xx;x;;x;;x;x;;;;;;;;;20 r Armand Lamarque 33 800 BORDEAUX  ;M. Pages;;05 56 85 46 00;http://www.biopole33.fr/;44.813677367319094, -0.572029184597975;;;;;;;;;;;;;0;;1;;1;;1;;1;;3;;0;;4;;1;;;;;;;;;;;;;;;;;;
Polyvalent sans microbio;privé;EUROFINS Site de Bordeaux Nord (Polyvalent sauf microbio);"  ; 2022_i=1  ; 2021_i=1  ; 2020_i=1  ; 2019_i=1  ; 2018_i=2  ; 2017_i=3  ; 2016_i=4  ; 2015_i=2  ; 2014_i=2";18 r Henri Guillemin 33 300 BORDEAUX ;05 56 10 16 70;annierigodanzo@eurofins.com;Mme Rigodanzo / Mme Filiu;x;x;;x;x;x;;x;x;;x;x;;xx;xx;xx;xx;x;xx;;;x;x;x;x;;;;;;;;18 r Henri Guillemin 33 300 BORDEAUX ;Mme Rigodanzo / Mme Filiu;annierigodanzo@eurofins.com;05 56 10 16 70;https://www.eurofins-biologie-medicale.com/fr/nos-laboratoires/bordeaux-nord;44.863737958475724, -0.5774571585753608;;;;;;;;;;;;;1;;1;;1;;1;;2;;3;;4;;2;;2;;;;;;;;;;;;;;;;;;
Microbio;privé;EUROFINS Charazac (microbio);"  ; 2022_i=1  ; 2021_i=2  ; 2020_i=1  ; 2019_i=2  ; 2018_i=2  ; 2017_i=1  ; 2016_i=2    ; 2014_i=1";2 rue Robert CHARAZAC - 33 000 BORDEAUX ;05 56 11 19 19 / 05 56 01 71 83;nicolaslagarde@eurofins.com;M. Lagarde;;;;;;;;;;;;x;;;;xx;;x;x;x;x;x;x;xx;x;;;;;;;;2 rue Robert CHARAZAC - 33 000 BORDEAUX ;M. Lagarde;nicolaslagarde@eurofins.com;05 56 11 19 19 / 05 56 01 71 83;https://www.eurofins-biologie-medicale.com/fr/nos-laboratoires/ravezies/;44.86338239192283, -0.5763796999413003;;;;;;;;;;;;;1;;2;;1;;2;;2;;1;;2;;0;;1;;;;;;;;;;;;;;;;;;
PMA;privé;EUROFINS  Procréation médicalement assistée;                  ;Clinique Jean Villar, BRUGES;05 56 11 19 19;;?;;;;;;;;;;;;;;;;;;;;;;;;;;;;;;;;;Clinique Jean Villar, BRUGES;?;;05 56 11 19 19;https://www.eurofins-biologie-medicale.com/fr/nos-laboratoires/centre-de-fertilite-jean-villar/;44.88746920165169, -0.6116827134321767;;;;;;;;;;;;;0;;0;;0;;0;;0;;0;;0;;0;;0;;;;;;;;;;;;;;;;;;
Polyvalent sans microbio;privé;EUROFINS Clinique 4 pavillons;"    ; 2021_i=2  ; 2020_i=1  ; 2019_i=2    ; 2017_i=2  ; 2016_i=1    ; 2014_i=1";24 rue de Cavailles 33 310 LORMONT;05 56 33 87 00;;Mme Nesme;;;;;;;;;;;x;;;;x;;x;x;;;x;x;x;xx;;;;;;;;;24 rue de Cavailles 33 310 LORMONT;Mme Nesme;ClementineNesme@eurofins-biologie.com;05 56 33 87 00;https://www.eurofins-biologie-medicale.com/fr/nos-laboratoires/lormont/;44.86485131975442, -0.5220317806305282;;;;;;;;;;;;;0;;2;;1;;2;;0;;2;;1;;0;;1;;;;;;;;;;;;;;;;;;
Polyvalent sans microbio;privé;LABEXA Site Haillan - bioch hémato immuno (patient de ville);"  ; 2022_i=1        ; 2018_i=1    ; 2016_i=1    ; 2014_i=2";75 rue de la Morandière 33 185 LE HAILLAN ;05 56 46 50 50;DRH : Mme ESTIENNE                                       Pour tous les sites Labexa, écrire au service RH (Morgane Bani) : m.bani@labexa.fr et faire un autre courrier aux biologistes;M. Danglade;;;;;;;x;;;;x;x;;;;x;;;x;;;;;;x;;;;;;;;75 rue de la Morandière 33 185 LE HAILLAN ;M. Danglade;d.danglade@exalab.fr et service RH :  m.bani@labexa.fr;05 56 46 50 50;https://www.labexa.fr/;44.86195988248489, -0.6786901134328587;;;;;;;;;;;;;1;;0;;0;;0;;1;;0;;1;;0;;2;;;;;;;;;;;;;;;;;;
Microbio;privé;LABEXA Site Haillan- microbio;"    ; 2021_i=1    ; 2019_i=1  ; 2018_i=1  ; 2017_i=3  ; 2016_i=1  ; 2015_i=1  ; 2014_i=2";75 rue de la Morandière 33 185 LE HAILLAN ;05 56 46 50 50;;Mme Moroté;;;;;;;;;;;x;x;;x;;x;xx;x;x;;x;;;x;;;;;;;;;75 rue de la Morandière 33 185 LE HAILLAN ;Mme Moroté;c.morote@exalab.fr et service RH :  m.bani@labexa.fr;05 56 46 50 50;https://www.labexa.fr/;44.86195988248489, -0.6786901134328587;;;;;;;;;;;;;0;;1;;0;;1;;1;;3;;1;;1;;2;;;;;;;;;;;;;;;;;;
Polyvalent sans microbio;privé;LABEXA Site de St Augustin - bioch hémato immuno (patient hospitalisés);"  ; 2022_i=1  ; 2021_i=1  ; 2020_i=1  ; 2019_i=1  ; 2018_i=1        ";114 avenue d'Ares 33 000 BORDEAUX;05 56 99 37 00 ;;Mme Pedeboscq;;;;;;;;;;;;;;;;;;;;x;;x;x;x;x;;;;;;;;114 avenue d'Ares 33 000 BORDEAUX;Mme Pedeboscq;a.pedeboscq@exalab.fr;05 56 99 37 00 ;https://www.labexa.fr/;44.83645247115421, -0.605580726145446;;;;;;;;;;;;;1;;1;;1;;1;;1;;0;;0;;0;;0;;;;;;;;;;;;;;;;;;
Polyvalent sans microbio;privé;LABEXA Site Clinique Saint Martin (activité réduite aux urgences) ;"            ; 2017_i=2    ; 2015_i=1  ; 2014_i=1";60 all Tulipes 33 600 PESSAC  ;05 56 15 73 20;;M. Laroussi;;;;;;;;x;x;xx;x;;x;;;;xx;;;;;;;;;;;;;;;;60 all Tulipes 33 600 PESSAC  ;M. Laroussi;n.laroussi@exalab.fr et service RH :  m.bani@labexa.fr;05 56 15 73 20;https://www.labexa.fr/;44.79161821823778, -0.6292597291842101;;;;;;;;;;;;;0;;0;;0;;0;;0;;2;;0;;1;;1;;;;;;;;;;;;;;;;;;
Polyvalent sans microbio;privé;LABEXA Site BLAYE (activité réduite aux urgences);"    ; 2021_i=1              ";118 rue de l'Hôpital  BLAYE   ;05 57 42 64 64;;Mme Maziarczyk;;;;x;;;x;;;;;;;;;;;;;;;;;x;;;;;;;;;118 rue de l'Hôpital  BLAYE   ;Mme Maziarczyk;j.hornych@exalab.fr;05 57 42 64 64;https://www.labexa.fr/;45.13627951456976, -0.6565029631656794;;;;;;;;;;;;;0;;1;;0;;0;;0;;0;;0;;0;;0;;;;;;;;;;;;;;;;;;
Polyvalent;privé;LABEXA (ancien ACCOLAB) Clinique mutualiste;"  ; 2022_i=2  ; 2021_i=3  ; 2020_i=2  ; 2019_i=4    ; 2017_i=1      ; 2014_i=1";48 av Doct Albert Schweitzer 33 600 PESSAC  ;05 56 46 16 16;florence.chaleat@accolab.com;Mme Chaléat;;;;;;;;;x;;x;;;;;;;x;;;xx;xx;xx;xxx;xx;;;;;;;;48 av Doct Albert Schweitzer 33 600 PESSAC  ;Mme Chaléat;florence.chaleat@accolab.com;05 56 46 16 16;https://www.labexa.fr/;44.80624838398576, -0.6089826287789677;;;;;;;;;;;;;2;;3;;2;;4;;0;;1;;0;;0;;1;;;;;;;;;;;;;;;;;;
Polyvalent sans microbio;privé;LABEXA (ancien ACCOLAB) Clinique de Lesparre;"    ; 2021_i=1      ; 2018_i=1        ; 2014_i=1";7 cours du Maréchal Leclerc 33 440 LESPARRE MEDOC ;05 56 73 34 81;;Mme Willers;;;;;;;;x;;;x;;;;;;;;x;;;;;x;;;;;;;;;7 cours du Maréchal Leclerc 33 440 LESPARRE MEDOC ;Mme Willems;sandra.willems@accolab.com;05 56 73 34 81;https://www.labexa.fr/;45.306643976718384, -0.9425143017826075;;;;;;;;;;;;;0;;1;;0;;0;;1;;0;;0;;0;;1;;;;;;;;;;;;;;;;;;
Polyvalent;privé;LABEXA (ancien SEALAB);"    ; 2021_i=1              ";2 Avenue Pierre Larramendy, 64 500 ST JEAN DE LUZ;05 59 55 96 69;;M. Rivieccio;;;;;;;;;;;;;;;;;;;;;;;;x;;;;;;;;;2 Avenue Pierre Larramendy, 64 500 ST JEAN DE LUZ;M. Rivieccio;;05 59 55 96 69;https://www.labexa.fr/;43.384821372108924, -1.6620400282962398;;;;;;;;;;;;;0;;1;;0;;0;;0;;0;;0;;0;;0;;;;;;;;;;;;;;;;;;
Polyvalent sans microbio;privé;SYNLAB;"      ; 2020_i=1            ";12 rue Georges Nègrevergne 33 700 MERIGNAC ;05 56 55 05 55;julien.bondaz@ba.synlab.fr;M. Bondaz;;;;;;;x;;;;;;;;;;;;;;;;x;;;;;;;;;;12 rue Georges Nègrevergne 33 700 MERIGNAC ;Mme Gachet;marie-laure-gachet@ba.synlab.fr;05 56 55 05 55;http://www.ba.synlab.fr/laboratoire/default.aspx#.YVCWlH06_cs;44.81735194551046, -0.6802278883041123;;;;;;;;;;;;;0;;0;;1;;0;;0;;0;;0;;0;;0;;;;;;;;;;;;;;;;;;
PMA;privé;SYNLAB - procréation médicalement assistée;"        ; 2019_i=1          ";14 pl Amélie Raba Léon 33 000 BORDEAUX     ;05 56 98 99 23;;Mme Servant;;;x;;;;;;;;;;;;;;;;;;x;;;;;;;;;;;;14 pl Amélie Raba Léon 33 000 BORDEAUX     ;Mme Servant;valerie.servant-le-cam@labo-anabio.fr;05 56 98 99 23;http://www.ba.synlab.fr/laboratoire/default.aspx#.YVCWlH06_cs;44.830949181382046, -0.6033388576144608;;;;;;;;;;;;;0;;0;;0;;1;;0;;0;;0;;0;;0;;;;;;;;;;;;;;;;;;
Polyvalent sans microbio;privé;SYNLAB;"            ; 2017_i=1      ";66 avenue de la libération 33 740 ARES  ;05 56 03 86 46;;Mme Moresa;;;;;;;;;;x;;;;;;;x;;;;;;;;;;;;;;;;66 avenue de la libération 33 740 ARES  ;M. Isidore;alexandre.isidore@ba.synlab.fr;05 56 03 86 46;http://www.ba.synlab.fr/laboratoire/default.aspx#.YVCWlH06_cs;44.757583040980634, -1.1195724594695202;;;;;;;;;;;;;0;;0;;0;;0;;0;;1;;0;;0;;0;;;;;;;;;;;;;;;;;;
Microbio;privé;SYNLAB***  (Bactério) : ***transfert à MERIGNAC printemps 2022;"          ; 2018_i=2        ; 2014_i=1"; 1 place Maréchal de Turenne, 33 350 CASTILLON LA BATAILLE;05 57 48 10 20;;M. Maroye;;;;;;;;;;x;;x;;;;;;;x;x;;;;;;;;;;;;;12 rue Georges Nègrevergne 33 700 MERIGNAC ;M. Maroye;pascal.maroye@aquitaine.synlab.fr;05 57 48 10 20;http://www.ba.synlab.fr/laboratoire/default.aspx#.YVCWlH06_cs;44.81735194551046, -0.6802278883041123;;;;;;;;;;;;;0;;0;;0;;0;;2;;0;;0;;0;;1;;;;;;;;;;;;;;;;;;
Polyvalent sans microbio;privé;SYNLAB  (Bioch, hémato, séro);"        ; 2019_i=1  ; 2018_i=1        "; 1 place Maréchal de Turenne, 33 350 CASTILLON LA BATAILLE;05 57 40 25 05;;Mme Parizano;;;;;;;;;;;;;;;;;;;;x;x;;;;;;;;;;;; 1 place Maréchal de Turenne, 33 350 CASTILLON LA BATAILLE;Mme Parizano;castillon@na.synlab.fr;05 57 40 25 05;http://www.ba.synlab.fr/laboratoire/default.aspx#.YVCWlH06_cs;44.853070731860015, -0.04301558645004252;;;;;;;;;;;;;0;;0;;0;;1;;1;;0;;0;;0;;0;;;;;;;;;;;;;;;;;;
Polyvalent;privé;CES (CPAM);"    ; 2021_i=1        ; 2017_i=1      ";CES (CPAM), 5 avenue Robert Schuman, 33 130 BEGLES;05 56 39 38 75;;Mme De Fritsch;;;;;;;;;;;;;;;;;x;;;;;;;x;;;;;;;;;CES (CPAM), 5 avenue Robert Schuman, 33 130 BEGLES;Mme De Fritsch;elsa.de-fritsch@cpam-bordeaux.cnamts.fr;05 56 39 38 75;https://www.constances.fr/centres-examens-sante/33-bordeaux.php;44.81209178382084, -0.5511567306319328;;;;;;;;;;;;;0;;1;;0;;0;;0;;1;;0;;0;;0;;;;;;;;;;;;;;;;;;
Polyvalent;privé;UNILABS - BIOLIB;"                  ; 2014_i=1";13 avenue Gallieni  33 500 LIBOURNE;05 57 55 38 48;;Mme Boucher;x;;;x;x;x;;;;;x;;;;;;;;;;;;;;;;;;;;;;13 avenue Gallieni  33 500 LIBOURNE;Mme Boucher;laboratoire.gallieni@unilabs.com;05 57 55 38 48;;;;;;;;;;;;;;;0;;0;;0;;0;;0;;0;;0;;0;;1;;;;;;;;;;;;;;;;;;
Polyvalent;privé;Laboratoire Fernandez;"        ; 2019_i=1    ; 2017_i=2  ; 2016_i=2  ; 2015_i=1  ; 2014_i=1";16 r François Legallais 33 120 ARCACHON  ;05 56 83 17 15;;M. Fernandez;;;;;;x;;;;;x;;x;;x;x;x;x;;;x;;;;;;;;;;;;16 r François Legallais 33 120 ARCACHON  ;M. Fernandez;;05 56 83 17 15;;44.66257009888885, -1.174149959472059;;;;;;;;;;;;;0;;0;;0;;1;;0;;2;;2;;1;;1;;;;;;;;;;;;;;;;;;
Polyvalent;privé;Laboratoire Val de Garonne;"      ; 2020_i=1          ; 2015_i=2  ; 2014_i=1";Dumes 33 210 LANGON     ;05 57 98 06 06;;Mme Angla-Gré;;x;x;x;x;;x;;;x;x;;x;x;;;;;;;;;x;;;;;;;;;;Dumes 33 210 LANGON     ;Mme Angla-Gré;m.anglagre@live.fr;05 57 98 06 06;https://www.laboratoire-valdegaronne.com/;44.54772016999497, -0.24396283435844737;;;;;;;;;;;;;0;;0;;1;;0;;0;;0;;0;;2;;1;;;;;;;;;;;;;;;;;;
Polyvalent;privé;LBM Olivot-Mariotti,;"        ; 2019_i=1  ; 2018_i=1  ; 2017_i=2  ; 2016_i=1  ; 2015_i=1  ; 2014_i=1"; 1 rue du Docteur Delmas, 47 550 BOÉ;05 53 77 15 15;;Mme Mariotti;;;;;;;;;;;;;;;;;x;x;;x;x;;;;;;;;;;;; 1 rue du Docteur Delmas, 47 550 BOÉ;Mme Mariotti;service-qualite@labo-olivot.fr;05 53 77 15 15;https://www.labo-olivot.fr/;44.18904716166701, 0.6286247768252013;;;;;;;;;;;;;0;;0;;0;;1;;1;;2;;1;;1;;1;;;;;;;;;;;;;;;;;;
Polyvalent;privé;NOVABIO;"  ; 2022_i=1        ; 2018_i=1  ; 2017_i=1      ; 2014_i=1";Av de Borie Marty 24 660 NOTRE DAME DE SANILHAC;05 53 02 18 18;;M. Millaret;;;;;;;;;;;;x;;;;;x;;x;;;;;;x;;;;;;;;Av de Borie Marty 24 660 NOTRE DAME DE SANILHAC;M. Millaret;a.millaret@novabio.fr;05 53 02 18 18;https://www.novabio.fr/;45.13741076335618, 0.6981999009698192;;;;;;;;;;;;;1;;0;;0;;0;;1;;1;;0;;0;;1;;;;;;;;;;;;;;;;;;
Polyvalent;privé;NOVABIO;"          ; 2018_i=1      ; 2015_i=1  ";17 rue Mounet Sully 24100 BERGERAC;05 53 63 55 55;;M. Doermann;;;;;;;;;;;;;;x;;;;;x;;;;;;;;;;;;;;17 rue Mounet Sully 24100 BERGERAC;M. Doermann;hp.doermann@novabio.fr;05 53 63 55 55;https://www.novabio.fr/;44.853236825423565, 0.4827091828606758;;;;;;;;;;;;;0;;0;;0;;0;;1;;0;;0;;1;;0;;;;;;;;;;;;;;;;;;
Polyvalent sans microbio;privé;NOVABIO;"  ; 2022_i=1                ";;;;;;;;;;;;;;;;;;;;;;;;;;;;;;;;;;;;;32, Boulevard Charles Garrau - 33 220 SAINTE-FOY-LA-GRANDE;Mme Baron;sylvie.baron@novabio.fr;05 57 41 99 33;https://www.novabio.fr/;44.83953962461541, 0.22098564238576818;;;;;;;;;;;;;1;;0;;0;;0;;0;;0;;0;;0;;0;;;;;;;;;;;;;;;;;;
Polyvalent;privé;LABOFFICE Le Clinical;                  ;87 avenue du Général de Gaulle, 16 800 SOYAUX;05 45 94 05 51;;M. Eurieult;;;;;;;;;x;x;;;;;;;;;;;;;;;;;;;;;;;2 Chem. de Fregeneuil, 16800 Soyaux;M. Eurieult;contact@laboffice.fr;05 45 94 50 05;https://www.laboffice.fr/;45.63635612731364, 0.20302844240702983;;;;;;;;;;;;;0;;0;;0;;0;;0;;0;;0;;0;;0;;;;;;;;;;;;;;;;;;
Polyvalent;privé;LABOFFICE;"        ; 2019_i=1        ; 2015_i=1  ";126 rue de Périgueux ANGOULEME;05 45 92 11 65;;Mme L'Horset;;;;;;;;;;;;;x;;;;;;;;;x;;;;;;;;;;;126 rue de Périgueux ANGOULEME;Mme L'Horset;contact@laboffice.fr;05 45 92 11 65;https://www.laboffice.fr/;45.647787383247206, 0.16836124055424945;;;;;;;;;;;;;0;;0;;0;;1;;0;;0;;0;;1;;0;;;;;;;;;;;;;;;;;;
Polyvalent;privé;CERBALLIANCE Site de Barbezieux;"                ; 2015_i=1  ";Chemin Triquedondaine, 16 300 BARBEZIEUX ;05 45 78 14 81;;M. Coutant;;;;;;;;;;;;;x;;;;;;;;;;;;;;;;;;;;Chemin Triquedondaine, 16 300 BARBEZIEUX ;M. Coutant;labobarbezieux.charentes@cerballiance.fr;05 45 78 14 81;https://laboratoires.cerballiance.fr/aquitaine-limousin-poitou-charentes/barbezieux-saint-hilaire/za-de-la-triquedondaine?utm_source=Yext&utm_medium=GMB;45.47357632519173, -0.16291325945044435;;;;;;;;;;;;;0;;0;;0;;0;;0;;0;;0;;1;;0;;;;;;;;;;;;;;;;;;
Polyvalent;privé;LBM FORTE BIO UNILABS;"  ; 2022_i=1                ";16-18 rue des fusillés, 40 100 DAX;06 74 13 32 59;;Mme Rodriguez;;;;;;;;;;;;;;;;;;;;;;;;;x;;;;;;;;16-18 rue des fusillés, 40 100 DAX;Mme Rodriguez;laboratoire.dax@unilabs.com;06 74 13 32 59;https://fortebio.unilabs.fr/;43.72394472161715, -1.0541684357960412;;;;;;;;;;;;;1;;0;;0;;0;;0;;0;;0;;0;;0;;;;;;;;;;;;;;;;;;
Polyvalent;privé;Laboratoire AX BIO OCEAN  (Gpe Inovie);"      ; 2020_i=1    ; 2018_i=2        ; 2014_i=2";9 rue Frédéric Mistral, 40 100 DAX ;05 58 58 10 40;;Mme Lapeyre;;;;;;;;;;;x;x;;;;;;;x;x;;;x;;;;;;;;;;9 rue Frédéric Mistral, 40 100 DAX ;Mme Lapeyre;catherine.lapeyre@axbioocean.fr;05 58 58 10 40;http://www.axbioocean.fr/;43.70465359220845, -1.061224630608261;;;;;;;;;;;;;0;;0;;1;;0;;2;;0;;0;;0;;2;;;;;;;;;;;;;;;;;;
Polyvalent;privé;Laboratoire AX BIO OCEAN  (Gpe Inovie);"              ; 2016_i=1    ";28 rue du colonel Melville Lynch 64 600 ANGLET;05 59 08 11 20;;Mme Dupuy;;;;;;;;;;;;;;;;x;;;;;;;;;;;;;;;;;28 rue du colonel Melville Lynch 64 600 ANGLET;Mme GARNIER;isabelle.garnier@axbioocean.fr;05 59 08 11 20;http://www.axbioocean.fr/;43.46492521883771, -1.4992836683389499;;;;;;;;;;;;;0;;0;;0;;0;;0;;0;;1;;0;;0;;;;;;;;;;;;;;;;;;
Polyvalent sans microbio;privé;Laboratoire AX BIO OCEAN  (Gpe Inovie);                  ;;;;;;;;;;;;;;;;;;;;;;;;;;;;;;;;;;;;;1 Pl. de la Poustelle, 64300 Orthez;M. Laugé;jerome.lauge@axbioocean.fr;05 59 69 04 96;http://www.axbioocean.fr/;43.49034780372725, -0.7743757460110785;;;;;;;;;;;;;0;;0;;0;;0;;0;;0;;0;;0;;0;;;;;;;;;;;;;;;;;;
Polyvalent sans microbio;privé;Laboratoire AX BIO OCEAN  (Gpe Inovie);                  ;;;;;;;;;;;;;;;;;;;;;;;;;;;;;;;;;;;;;Clinique Belharra - Ramsay Santé, 2 All. Dr Robert Lafon, 64100 Bayonne;M. Trebesse;laurent.trebesses@axbioocean.fr;05 40 07 84 18;http://www.axbioocean.fr/;43.480089314182074, -1.4531688305272517;;;;;;;;;;;;;0;;0;;0;;0;;0;;0;;0;;0;;0;;;;;;;;;;;;;;;;;;
Polyvalent sans microbio;privé;Laboratoire AX BIO OCEAN  (Gpe Inovie);                  ;;;;;;;;;;;;;;;;;;;;;;;;;;;;;;;;;;;;;Chem. de Mattecu, 40230 Saint-Vincent-de-Tyrosse;Mme de Cazanove;;05 58 77 04 99;http://www.axbioocean.fr/;43.662264685854254, -1.314422086481201;;;;;;;;;;;;;0;;0;;0;;0;;0;;0;;0;;0;;0;;;;;;;;;;;;;;;;;;
Polyvalent sans microbio;privé;Laboratoire AX BIO OCEAN  (Gpe Inovie);                  ;;;;;;;;;;;;;;;;;;;;;;;;;;;;;;;;;;;;;13 Cr Gallieni, 40100 Dax;Mme Lapeyre;catherine.lapeyre@axbioocean.fr;05 58 58 20 10;http://www.axbioocean.fr/;43.709299324103895, -1.0547302743742202;;;;;;;;;;;;;0;;0;;0;;0;;0;;0;;0;;0;;0;;;;;;;;;;;;;;;;;;
Polyvalent;privé;Cerballiance, Laboratoire de Lameilhé;"                ; 2015_i=1  ";7 rue Pierre Raynaud 81 100 CASTRES ;05 63 72 24 14;;Mme Poirier;;;;;;;;;;;;;x;;;;;;;;;;;;;;;;;;;;7 rue Pierre Raynaud 81 100 CASTRES ;Mme Poirier;labolameilhe.occitanie@cerballiance.fr;05 63 72 24 14;https://laboratoires.cerballiance.fr/occitanie/castres/7-rue-pierre-raynaud;43.59304108771934, 2.255073884680851;;;;;;;;;;;;;0;;0;;0;;0;;0;;0;;0;;1;;0;;;;;;;;;;;;;;;;;;
Polyvalent;privé;BIOFUSION (Gpe Inovie);"        ; 2019_i=1          ";Site du Pont de Chaume, 43 rue des Arts 82 006 MONTAUBAN;05 63 22 29 99;;M. Delteil;;;;;;;;;;;;;;;;;;;;;x;;;;;;;;;;;;Site du Pont de Chaume, 43 rue des Arts 82 006 MONTAUBAN;M. Delteil;laboratoire.pontdechaume@biofusion.fr;05 63 22 29 99;https://biofusion.fr/;44.01561963048114, 1.3549137633965591;;;;;;;;;;;;;0;;0;;0;;1;;0;;0;;0;;0;;0;;;;;;;;;;;;;;;;;;
Polyvalent;privé;BIOLAB AVENIR (associé à la clinique Pasteur);"    ; 2021_i=1              ";45 avenue de Lombez Poste 23, 31 076 TOULOUSE;05 62 21 16 00;;M. Mazaleyrat;;;;;;;;;;;;;;;;;;;;;;;;x;;;;;;;;;45 avenue de Lombez Poste 23, 31 076 TOULOUSE;M. Mazaleyrat;labosecretariat@clinique-pasteur.com;05 62 21 16 00;https://biolab.clinique-pasteur.com/;43.596869063691805, 1.4180832308512896;;;;;;;;;;;;;0;;1;;0;;0;;0;;0;;0;;0;;0;;;;;;;;;;;;;;;;;;
Polyvalent;privé;Alliance ANABIO;"    ; 2021_i=1              ";8 avenue Mozart, 35 830 BETTON;02 99 55 02 22;;Mme Noysette;;;;;;;;;;;;;;;;;;;;;;;;x;;;;;;;;;8 avenue Mozart, 35 830 BETTON;Mme Noysette;betton@allianceanabio.fr;02 99 55 02 22;https://www.allianceanabio.fr/;48.181834435583305, -1.6383608998503534;;;;;;;;;;;;;0;;1;;0;;0;;0;;0;;0;;0;;0;;;;;;;;;;;;;;;;;;
Polyvalent;privé;Laboratoire Candia-Madonuccia;"    ; 2021_i=1              ";Avenue Noël Franchini, 20 090 AJACCIO;04 95 23 73 88;;?;;;;;;;;;;;;;;;;;;;;;;;;x;;;;;;;;;Avenue Noël Franchini, 20 090 AJACCIO;?;;04 95 23 73 88;https://laboccf.fr/;41.94156924609522, 8.755756813475168;;;;;;;;;;;;;0;;1;;0;;0;;0;;0;;0;;0;;0;;;;;;;;;;;;;;;;;;
Polyvalent;privé;Laboratoire Canarelli Colonna Fernandez;"    ; 2021_i=1              ";65 Cours Napoléon, 20 000 AJACCIO;07 88 15 16 18;;M. Véron;;;;;;;;;;;;;;;;;;;;;;;;x;;;;;;;;;65 Cours Napoléon, 20 000 AJACCIO;M. Véron;;07 88 15 16 18;https://laboccf.fr/;41.92769905838867, 8.739061137743995;;;;;;;;;;;;;0;;1;;0;;0;;0;;0;;0;;0;;0;;;;;;;;;;;;;;;;;;
Polyvalent sans microbio;Public;CHU Bdx Site Haut Lévêque : urgences, anapath, hématologie spécialisée, hormonologie, marqueurs tumoraux, CRB;;;;;;;;;;;;;;;;;;;;;;;;;;;;;;;;;;;;;;Av. du Haut Lévêque, 33600 Pessac;SIBERS Christine (cellule des stage);cellule-stages.paramed@chu-bordeaux.fr;05 57 82 07 21;https://www.chu-bordeaux.fr/Les-p%C3%B4les/P%C3%B4le-biologie-et-pathologie/;44.78656815709256, -0.6606872927944651;;;;;;;;;;;;;;;;;;;;;;;;;;;;;;;;;;;;;;;;;;;;;;;
Polyvalent;Public;CHU Bdx Site Pellegrin : microbio, biochimie, hématologie, sérologie, biologie moléculaire, cytogénétique, anapath, pharmaco-toxicologie;;;;;;;;;;;;;;;;;;;;;;;;;;;;;;;;;;;;;;Place Amélie Raba Léon, 33076 Bordeaux;SIBERS Christine (cellule des stage);cellule-stages.paramed@chu-bordeaux.fr;05 57 82 07 21;https://www.chu-bordeaux.fr/Les-p%C3%B4les/P%C3%B4le-biologie-et-pathologie/;44.82799252330388, -0.6052729524098317;;;;;;;;;;;;;;;;;;;;;;;;;;;;;;;;;;;;;;;;;;;;;;;
Polyvalent;Public;Laboratoire de l'Hôpital Robert Picqué;;;;;;;;;;;;;;;;;;;;;;;;;;;;;;;;;;;;;;351 Rte de Toulouse, 33140 Villenave-d'Ornon;M. Patti;jean-paul.patti@intradef.gouv.fr;05 56 84 70 12;https://www.defense.gouv.fr/sante/sante-publique/hopitaux-militaires/robert-picque-bordeaux-33/hia-robert-picque-covid-19-informations-importantes;44.79935328468634, -0.5712406932441121;;;;;;;;;;;;;;;;;;;;;;;;;;;;;;;;;;;;;;;;;;;;;;;
Polyvalent sans microbio;Public;Laboratoire de biochimie/hématologie de l'Hôpital de Libourne;;;;;;;;;;;;;;;;;;;;;;;;;;;;;;;;;;;;;;112 Rue de la Marne, 33500 Libourne;Mme Chaine;Beatrice.Chaine@ch-libourne.fr;05 57 55 34 34;http://www.ch-libourne.fr/;44.91886054138234, -0.22787468537477998;;;;;;;;;;;;;;;;;;;;;;;;;;;;;;;;;;;;;;;;;;;;;;;
Microbio;Public;Laboratoire de microbiologie de l'Hôpital de Libourne;;;;;;;;;;;;;;;;;;;;;;;;;;;;;;;;;;;;;;112 Rue de la Marne, 33500 Libourne;Mme Chaine;Beatrice.Chaine@ch-libourne.fr;05 57 55 34 34;http://www.ch-libourne.fr/;44.91886054138234, -0.22787468537477998;;;;;;;;;;;;;;;;;;;;;;;;;;;;;;;;;;;;;;;;;;;;;;;
Anapath;Public;Laboratoire d'anatomocytopathologie de l'Hôpital de Libourne;;;;;;;;;;;;;;;;;;;;;;;;;;;;;;;;;;;;;;112 Rue de la Marne, 33500 Libourne;Mme Chaine;Beatrice.Chaine@ch-libourne.fr;05 57 55 34 34;http://www.ch-libourne.fr/;44.91886054138234, -0.22787468537477998;;;;;;;;;;;;;;;;;;;;;;;;;;;;;;;;;;;;;;;;;;;;;;;
Polyvalent sans microbio;Public;Laboratoire de biologie médicale de l'Institut Bergonié;;;;;;;;;;;;;;;;;;;;;;;;;;;;;;;;;;;;;;229 Cr de l'Argonne, 33000 Bordeaux;Mme Peutat;k.peutat@bordeaux.unicancer.fr;05 56 33 33 36;https://www.bergonie.fr/;44.824088043959556, -0.5793984152869593;;;;;;;;;;;;;;;;;;;;;;;;;;;;;;;;;;;;;;;;;;;;;;;
Polyvalent;Public;Laboratoire de l'hôpital de Langon;;;;;;;;;;;;;;;;;;;;;;;;;;;;;;;;;;;;;;1 Rue Paul Langevin, 33210 Langon;Mme Desbordes;catherine.desbordes@ch-sudgironde.fr;05 56 76 57 52;https://www.ch-sudgironde.fr/;44.545117693545656, -0.24329415762200646;;;;;;;;;;;;;;;;;;;;;;;;;;;;;;;;;;;;;;;;;;;;;;;
Polyvalent;Public;Laboratoire de l'hôpital d'Arcachon;;;;;;;;;;;;;;;;;;;;;;;;;;;;;;;;;;;;;;Av. Jean Hameau, 33260 La Teste-de-Buch;Mme Goursolle;secretariat.ds@ch-arcachon.fr;05 57 52 90 00;https://www.ch-arcachon.fr;44.61464876229469, -1.111062845981759;;;;;;;;;;;;;;;;;;;;;;;;;;;;;;;;;;;;;;;;;;;;;;;
Polyvalent;Public;Laboratoire de l'hôpital de Périgueux;;;;;;;;;;;;;;;;;;;;;;;;;;;;;;;;;;;;;;80 Av. Georges Pompidou, 24000 Périgueux;Mme Tabouret;valerie.tabouret@ch-perigueux.fr;05 53 45 26 10 ;http://www.ch-perigueux.fr;45.192817796482885, 0.7301220423951568;;;;;;;;;;;;;;;;;;;;;;;;;;;;;;;;;;;;;;;;;;;;;;;
Polyvalent;Public;Laboratoire de l'hôpital de Dax;;;;;;;;;;;;;;;;;;;;;;;;;;;;;;;;;;;;;;Bd Yves du Manoir, 40100 Dax;Mme Da Silva;DASILVAV@ch-dax.fr;05 58 90 55 80;https://www.ch-dax.fr/;43.71190472535916, -1.0398391306607122;;;;;;;;;;;;;;;;;;;;;;;;;;;;;;;;;;;;;;;;;;;;;;;
Polyvalent;Public;Laboratoire de l'hôpital de Marmande;;;;;;;;;;;;;;;;;;;;;;;;;;;;;;;;;;;;;;76 Rue du Dr Courret, 47200 Marmande;Mme Damestoy;viviane.damestoy@chicmt.fr;05 53 20 30 40;https://www.chicmt.fr/;44.502636471223624, 0.16549007414527997;;;;;;;;;;;;;;;;;;;;;;;;;;;;;;;;;;;;;;;;;;;;;;;
Polyvalent;Public;Laboratoire de l'hôpital d'Angoulème;;;;;;;;;;;;;;;;;;;;;;;;;;;;;;;;;;;;;;Rond point de Girac, 16959 Angoulême;M. Ladrat;jean-jacques.ladrat@ch-angouleme.fr;05 45 24 40 40;https://www.ch-angouleme.fr/;45.63570302247702, 0.12006652706237535;;;;;;;;;;;;;;;;;;;;;;;;;;;;;;;;;;;;;;;;;;;;;;;
Polyvalent;Public;Laboratoire de l'hôpital Layné à Mont de Marsan;;;;;;;;;;;;;;;;;;;;;;;;;;;;;;;;;;;;;;417 Av. Pierre de Coubertin BP, 40024 Mont-de-Marsan;Mme Quercy;nathalie.quercy@ch-mdm.fr;05 58 05 10 10;http://www.ch-mt-marsan.fr/;43.89645906529697, -0.4867694190286514;;;;;;;;;;;;;;;;;;;;;;;;;;;;;;;;;;;;;;;;;;;;;;;
Polyvalent;Public;Laboratoire de l'hôpital d'Agen;;;;;;;;;;;;;;;;;;;;;;;;;;;;;;;;;;;;;;21 Route de Villeneuve, 47923 Agen;Mme Temprano;tempranoc@ch-agen-nerac.fr;05 53 69 73 17;https://www.ch-agen-nerac.fr/;44.21706656259356, 0.636355610222571;;;;;;;;;;;;;;;;;;;;;;;;;;;;;;;;;;;;;;;;;;;;;;;
Polyvalent;Public;Laboratoire de l'hôpital de Bergerac;;;;;;;;;;;;;;;;;;;;;;;;;;;;;;;;;;;;;;9 avenue, Bd du Professeur Albert Calmette, 24100 Bergerac;Mme Travers;dominique.travers@ch-bergerac.fr;05 53 63 88 88;http://www.ch-bergerac.fr/;44.850659647149925, 0.49698579027307976;;;;;;;;;;;;;;;;;;;;;;;;;;;;;;;;;;;;;;;;;;;;;;;
Polyvalent;Public;Laboratoire de l'hôpital de Jonzac;;;;;;;;;;;;;;;;;;;;;;;;;;;;;;;;;;;;;;4 Rue Winston Churchill, 17500 Jonzac;Mme Jallageas;secretariat.labo@ch-jonzac.fr;05 46 48 75 75;https://www.ch-jonzac.fr/loffre-de-soins/plateau-technique/laboratoire;45.43935328032074, -0.43383118643441854;;;;;;;;;;;;;;;;;;;;;;;;;;;;;;;;;;;;;;;;;;;;;;;
;;;;;;;;;;;;;;;;;;;;;;;;;;;;;;;;;;;;;;;;;;;;;;;;;;;;;;;;;;;;;;;;;;;;;;;;;;;;;;;;;;;;;;;;;;;;
;;;;;;;;;;;;;;;;;;;;;;;;;;;;;;;;;;;;;;;;;;;;;;;;;;;;;;;;;;;;;;;;;;;;;;;;;;;;;;;;;;;;;;;;;;;;
;;;;;;;;;;;;;;;;;;;;;;;;;;;;;;;;;;;;;;;;;;;;;;;;;;;;;;;;;;;;;;;;;;;;;;;;;;;;;;;;;;;;;;;;;;;;
;;;;;;;;;;;;;;;;;;;;;;;;;;;;;;;;;;;;;;;;;;;;;;;;;;;;;;;;;;;;;;;;;;;;;;;;;;;;;;;;;;;;;;;;;;;;
;;;;;;;;;;;;;;;;;;;;;;;;;;;;;;;;;;;;;;;;;;;;;;;;;;;;;;;;;;;;;;;;;;;;;;;;;;;;;;;;;;;;;;;;;;;;
;;;;;;;;;;;;;;;;;;;;;;;;;;;;;;;;;;;;;;;;;;;;;;;;;;;;;;;;;;;;;;;;;;;;;;;;;;;;;;;;;;;;;;;;;;;;
;;;;;;;;;;;;;;;;;;;;;;;;;;;;;;;;;;;;;;;;;;;;;;;;;;;;;;;;;;;;;;;;;;;;;;;;;;;;;;;;;;;;;;;;;;;;
;;;;;;;;;;;;;;;;;;;;;;;;;;;;;;;;;;;;;;;;;;;;;;;;;;;;;;;;;;;;;;;;;;;;;;;;;;;;;;;;;;;;;;;;;;;;
;;;;;;;;;;;;;;;;;;;;;;;;;;;;;;;;;;;;;;;;;;;;;;;;;;;;;;;;;;;;;;;;;;;;;;;;;;;;;;;;;;;;;;;;;;;;
;;;;;;;;;;;;;;;;;;;;;;;;;;;;;;;;;;;;;;;;;;;;;;;;;;;;;;;;;;;;;;;;;;;;;;;;;;;;;;;;;;;;;;;;;;;;
;;;;;;;;;;;;;;;;;;;;;;;;;;;;;;;;;;;;;;;;;;;;;;;;;;;;;;;;;;;;;;;;;;;;;;;;;;;;;;;;;;;;;;;;;;;;
;;;;;;;;;;;;;;;;;;;;;;;;;;;;;;;;;;;;;;;;;;;;;;;;;;;;;;;;;;;;;;;;;;;;;;;;;;;;;;;;;;;;;;;;;;;;
;;;;;;;;;;;;;;;;;;;;;;;;;;;;;;;;;;;;;;;;;;;;;;;;;;;;;;;;;;;;;;;;;;;;;;;;;;;;;;;;;;;;;;;;;;;;
;;;;;;;;;;;;;;;;;;;;;;;;;;;;;;;;;;;;;;;;;;;;;;;;;;;;;;;;;;;;;;;;;;;;;;;;;;;;;;;;;;;;;;;;;;;;
;;;;;;;;;;;;;;;;;;;;;;;;;;;;;;;;;;;;;;;;;;;;;;;;;;;;;;;;;;;;;;;;;;;;;;;;;;;;;;;;;;;;;;;;;;;;
;;;;;;;;;;;;;;;;;;;;;;;;;;;;;;;;;;;;;;;;;;;;;;;;;;;;;;;;;;;;;;;;;;;;;;;;;;;;;;;;;;;;;;;;;;;;
;;;;;;;;;;;;;;;;;;;;;;;;;;;;;;;;;;;;;;;;;;;;;;;;;;;;;;;;;;;;;;;;;;;;;;;;;;;;;;;;;;;;;;;;;;;;
;;;;;;;;;;;;;;;;;;;;;;;;;;;;;;;;;;;;;;;;;;;;;;;;;;;;;;;;;;;;;;;;;;;;;;;;;;;;;;;;;;;;;;;;;;;;
;;;;;;;;;;;;;;;;;;;;;;;;;;;;;;;;;;;;;;;;;;;;;;;;;;;;;;;;;;;;;;;;;;;;;;;;;;;;;;;;;;;;;;;;;;;;
;;;;;;;;;;;;;;;;;;;;;;;;;;;;;;;;;;;;;;;;;;;;;;;;;;;;;;;;;;;;;;;;;;;;;;;;;;;;;;;;;;;;;;;;;;;;
;;;;;;;;;;;;;;;;;;;;;;;;;;;;;;;;;;;;;;;;;;;;;;;;;;;;;;;;;;;;;;;;;;;;;;;;;;;;;;;;;;;;;;;;;;;;
;;;;;;;;;;;;;;;;;;;;;;;;;;;;;;;;;;;;;;;;;;;;;;;;;;;;;;;;;;;;;;;;;;;;;;;;;;;;;;;;;;;;;;;;;;;;
;;;;;;;;;;;;;;;;;;;;;;;;;;;;;;;;;;;;;;;;;;;;;;;;;;;;;;;;;;;;;;;;;;;;;;;;;;;;;;;;;;;;;;;;;;;;
;;;;;;;;;;;;;;;;;;;;;;;;;;;;;;;;;;;;;;;;;;;;;;;;;;;;;;;;;;;;;;;;;;;;;;;;;;;;;;;;;;;;;;;;;;;;
;;;;;;;;;;;;;;;;;;;;;;;;;;;;;;;;;;;;;;;;;;;;;;;;;;;;;;;;;;;;;;;;;;;;;;;;;;;;;;;;;;;;;;;;;;;;
;;;;;;;;;;;;;;;;;;;;;;;;;;;;;;;;;;;;;;;;;;;;;;;;;;;;;;;;;;;;;;;;;;;;;;;;;;;;;;;;;;;;;;;;;;;;
;;;;;;;;;;;;;;;;;;;;;;;;;;;;;;;;;;;;;;;;;;;;;;;;;;;;;;;;;;;;;;;;;;;;;;;;;;;;;;;;;;;;;;;;;;;;
;;;;;;;;;;;;;;;;;;;;;;;;;;;;;;;;;;;;;;;;;;;;;;;;;;;;;;;;;;;;;;;;;;;;;;;;;;;;;;;;;;;;;;;;;;;;
;;;;;;;;;;;;;;;;;;;;;;;;;;;;;;;;;;;;;;;;;;;;;;;;;;;;;;;;;;;;;;;;;;;;;;;;;;;;;;;;;;;;;;;;;;;;
;;;;;;;;;;;;;;;;;;;;;;;;;;;;;;;;;;;;;;;;;;;;;;;;;;;;;;;;;;;;;;;;;;;;;;;;;;;;;;;;;;;;;;;;;;;;
;;;;;;;;;;;;;;;;;;;;;;;;;;;;;;;;;;;;;;;;;;;;;;;;;;;;;;;;;;;;;;;;;;;;;;;;;;;;;;;;;;;;;;;;;;;;
;;;;;;;;;;;;;;;;;;;;;;;;;;;;;;;;;;;;;;;;;;;;;;;;;;;;;;;;;;;;;;;;;;;;;;;;;;;;;;;;;;;;;;;;;;;;
;;;;;;;;;;;;;;;;;;;;;;;;;;;;;;;;;;;;;;;;;;;;;;;;;;;;;;;;;;;;;;;;;;;;;;;;;;;;;;;;;;;;;;;;;;;;
;;;;;;;;;;;;;;;;;;;;;;;;;;;;;;;;;;;;;;;;;;;;;;;;;;;;;;;;;;;;;;;;;;;;;;;;;;;;;;;;;;;;;;;;;;;;
;;;;;;;;;;;;;;;;;;;;;;;;;;;;;;;;;;;;;;;;;;;;;;;;;;;;;;;;;;;;;;;;;;;;;;;;;;;;;;;;;;;;;;;;;;;;
;;;;;;;;;;;;;;;;;;;;;;;;;;;;;;;;;;;;;;;;;;;;;;;;;;;;;;;;;;;;;;;;;;;;;;;;;;;;;;;;;;;;;;;;;;;;
;;;;;;;;;;;;;;;;;;;;;;;;;;;;;;;;;;;;;;;;;;;;;;;;;;;;;;;;;;;;;;;;;;;;;;;;;;;;;;;;;;;;;;;;;;;;
;;;;;;;;;;;;;;;;;;;;;;;;;;;;;;;;;;;;;;;;;;;;;;;;;;;;;;;;;;;;;;;;;;;;;;;;;;;;;;;;;;;;;;;;;;;;
;;;;;;;;;;;;;;;;;;;;;;;;;;;;;;;;;;;;;;;;;;;;;;;;;;;;;;;;;;;;;;;;;;;;;;;;;;;;;;;;;;;;;;;;;;;;
;;;;;;;;;;;;;;;;;;;;;;;;;;;;;;;;;;;;;;;;;;;;;;;;;;;;;;;;;;;;;;;;;;;;;;;;;;;;;;;;;;;;;;;;;;;;
;;;;;;;;;;;;;;;;;;;;;;;;;;;;;;;;;;;;;;;;;;;;;;;;;;;;;;;;;;;;;;;;;;;;;;;;;;;;;;;;;;;;;;;;;;;;
;;;;;;;;;;;;;;;;;;;;;;;;;;;;;;;;;;;;;;;;;;;;;;;;;;;;;;;;;;;;;;;;;;;;;;;;;;;;;;;;;;;;;;;;;;;;
;;;;;;;;;;;;;;;;;;;;;;;;;;;;;;;;;;;;;;;;;;;;;;;;;;;;;;;;;;;;;;;;;;;;;;;;;;;;;;;;;;;;;;;;;;;;
;;;;;;;;;;;;;;;;;;;;;;;;;;;;;;;;;;;;;;;;;;;;;;;;;;;;;;;;;;;;;;;;;;;;;;;;;;;;;;;;;;;;;;;;;;;;
;;;;;;;;;;;;;;;;;;;;;;;;;;;;;;;;;;;;;;;;;;;;;;;;;;;;;;;;;;;;;;;;;;;;;;;;;;;;;;;;;;;;;;;;;;;;
;;;;;;;;;;;;;;;;;;;;;;;;;;;;;;;;;;;;;;;;;;;;;;;;;;;;;;;;;;;;;;;;;;;;;;;;;;;;;;;;;;;;;;;;;;;;
;;;;;;;;;;;;;;;;;;;;;;;;;;;;;;;;;;;;;;;;;;;;;;;;;;;;;;;;;;;;;;;;;;;;;;;;;;;;;;;;;;;;;;;;;;;;
;;;;;;;;;;;;;;;;;;;;;;;;;;;;;;;;;;;;;;;;;;;;;;;;;;;;;;;;;;;;;;;;;;;;;;;;;;;;;;;;;;;;;;;;;;;;
;;;;;;;;;;;;;;;;;;;;;;;;;;;;;;;;;;;;;;;;;;;;;;;;;;;;;;;;;;;;;;;;;;;;;;;;;;;;;;;;;;;;;;;;;;;;
;;;;;;;;;;;;;;;;;;;;;;;;;;;;;;;;;;;;;;;;;;;;;;;;;;;;;;;;;;;;;;;;;;;;;;;;;;;;;;;;;;;;;;;;;;;;
;;;;;;;;;;;;;;;;;;;;;;;;;;;;;;;;;;;;;;;;;;;;;;;;;;;;;;;;;;;;;;;;;;;;;;;;;;;;;;;;;;;;;;;;;;;;
;;;;;;;;;;;;;;;;;;;;;;;;;;;;;;;;;;;;;;;;;;;;;;;;;;;;;;;;;;;;;;;;;;;;;;;;;;;;;;;;;;;;;;;;;;;;
;;;;;;;;;;;;;;;;;;;;;;;;;;;;;;;;;;;;;;;;;;;;;;;;;;;;;;;;;;;;;;;;;;;;;;;;;;;;;;;;;;;;;;;;;;;;
;;;;;;;;;;;;;;;;;;;;;;;;;;;;;;;;;;;;;;;;;;;;;;;;;;;;;;;;;;;;;;;;;;;;;;;;;;;;;;;;;;;;;;;;;;;;
;;;;;;;;;;;;;;;;;;;;;;;;;;;;;;;;;;;;;;;;;;;;;;;;;;;;;;;;;;;;;;;;;;;;;;;;;;;;;;;;;;;;;;;;;;;;
;;;;;;;;;;;;;;;;;;;;;;;;;;;;;;;;;;;;;;;;;;;;;;;;;;;;;;;;;;;;;;;;;;;;;;;;;;;;;;;;;;;;;;;;;;;;
;;;;;;;;;;;;;;;;;;;;;;;;;;;;;;;;;;;;;;;;;;;;;;;;;;;;;;;;;;;;;;;;;;;;;;;;;;;;;;;;;;;;;;;;;;;;
;;;;;;;;;;;;;;;;;;;;;;;;;;;;;;;;;;;;;;;;;;;;;;;;;;;;;;;;;;;;;;;;;;;;;;;;;;;;;;;;;;;;;;;;;;;;
;;;;;;;;;;;;;;;;;;;;;;;;;;;;;;;;;;;;;;;;;;;;;;;;;;;;;;;;;;;;;;;;;;;;;;;;;;;;;;;;;;;;;;;;;;;;
;;;;;;;;;;;;;;;;;;;;;;;;;;;;;;;;;;;;;;;;;;;;;;;;;;;;;;;;;;;;;;;;;;;;;;;;;;;;;;;;;;;;;;;;;;;;
;;;;;;;;;;;;;;;;;;;;;;;;;;;;;;;;;;;;;;;;;;;;;;;;;;;;;;;;;;;;;;;;;;;;;;;;;;;;;;;;;;;;;;;;;;;;
;;;;;;;;;;;;;;;;;;;;;;;;;;;;;;;;;;;;;;;;;;;;;;;;;;;;;;;;;;;;;;;;;;;;;;;;;;;;;;;;;;;;;;;;;;;;
;;;;;;;;;;;;;;;;;;;;;;;;;;;;;;;;;;;;;;;;;;;;;;;;;;;;;;;;;;;;;;;;;;;;;;;;;;;;;;;;;;;;;;;;;;;;
;;;;;;;;;;;;;;;;;;;;;;;;;;;;;;;;;;;;;;;;;;;;;;;;;;;;;;;;;;;;;;;;;;;;;;;;;;;;;;;;;;;;;;;;;;;;
;;;;;;;;;;;;;;;;;;;;;;;;;;;;;;;;;;;;;;;;;;;;;;;;;;;;;;;;;;;;;;;;;;;;;;;;;;;;;;;;;;;;;;;;;;;;
;;;;;;;;;;;;;;;;;;;;;;;;;;;;;;;;;;;;;;;;;;;;;;;;;;;;;;;;;;;;;;;;;;;;;;;;;;;;;;;;;;;;;;;;;;;;
;;;;;;;;;;;;;;;;;;;;;;;;;;;;;;;;;;;;;;;;;;;;;;;;;;;;;;;;;;;;;;;;;;;;;;;;;;;;;;;;;;;;;;;;;;;;
;;;;;;;;;;;;;;;;;;;;;;;;;;;;;;;;;;;;;;;;;;;;;;;;;;;;;;;;;;;;;;;;;;;;;;;;;;;;;;;;;;;;;;;;;;;;
;;;;;;;;;;;;;;;;;;;;;;;;;;;;;;;;;;;;;;;;;;;;;;;;;;;;;;;;;;;;;;;;;;;;;;;;;;;;;;;;;;;;;;;;;;;;
;;;;;;;;;;;;;;;;;;;;;;;;;;;;;;;;;;;;;;;;;;;;;;;;;;;;;;;;;;;;;;;;;;;;;;;;;;;;;;;;;;;;;;;;;;;;
;;;;;;;;;;;;;;;;;;;;;;;;;;;;;;;;;;;;;;;;;;;;;;;;;;;;;;;;;;;;;;;;;;;;;;;;;;;;;;;;;;;;;;;;;;;;
